{"cameraMode":{"drawMode":0,"name":"Shaded","section":"Shading Mode"},"sceneLighting":false,"audioPlay":false,"sceneViewState":{"m_AlwaysRefresh":false,"showFog":true,"showSkybox":false,"showFlares":true,"showImageEffects":true,"showParticleSystems":true,"showVisualEffectGraphs":true,"m_FxEnabled":true},"in2DMode":false,"pivot":{"x":0.02794736623764038,"y":0.5622682571411133,"z":-0.058492422103881839},"rotation":{"x":-0.030696570873260499,"y":0.9489870071411133,"z":-0.29824382066726687,"w":-0.09771446138620377},"size":1.2948505878448487,"orthographic":false}