{"cameraMode":{"drawMode":0,"name":"Shaded","section":"Shading Mode"},"sceneLighting":true,"audioPlay":false,"sceneViewState":{"m_AlwaysRefresh":false,"showFog":true,"showSkybox":true,"showFlares":true,"showImageEffects":true,"showParticleSystems":true,"showVisualEffectGraphs":true,"m_FxEnabled":true},"in2DMode":false,"pivot":{"x":-14.19939136505127,"y":3.7953076362609865,"z":13.058292388916016},"rotation":{"x":-0.021267887204885484,"y":-0.9621439576148987,"z":0.2600760757923126,"w":-0.07867836207151413},"size":0.7258123755455017,"orthographic":false}