{"cameraMode":{"drawMode":0,"name":"Shaded","section":"Shading Mode"},"sceneLighting":false,"audioPlay":false,"sceneViewState":{"m_AlwaysRefresh":false,"showFog":true,"showSkybox":false,"showFlares":true,"showImageEffects":true,"showParticleSystems":true,"showVisualEffectGraphs":true,"m_FxEnabled":true},"in2DMode":false,"pivot":{"x":5.316276550292969,"y":1.1176514625549317,"z":3.3701417446136476},"rotation":{"x":0.019527407363057138,"y":-0.9782885909080505,"z":0.10903875529766083,"w":0.17528581619262696},"size":0.6653796434402466,"orthographic":false}